Postal Code,Value
85000,100
85001,101
85002,102
85003,103
85004,104
85005,105
85006,106
85007,107
85008,108
85009,109
85010,110
85011,111
85012,112
85013,113
85014,114
85015,115
85016,116
85017,117
85018,118
85019,119
85020,120
85021,121
85022,122
85023,123
85024,124
85025,125
85026,126
85027,127
85028,128
85029,129
85030,130
85031,131
85032,132
85033,133
85034,134
85035,135
85036,136
85037,137
85038,138
85039,139
85040,140
85041,141
85042,142
85043,143
85044,144
85045,145
85046,146
85047,147
85048,148
85049,149
85050,150
85051,151
85052,152
85053,153
85054,154
85055,155
85056,156
85057,157
85058,158
85059,159
85060,160
85061,161
85062,162
85063,163
85064,164
85065,165
85066,166
85067,167
85068,168
85069,169
85070,170
85071,171
85072,172
85073,173
85074,174
85075,175
85076,176
85077,177
85078,178
85079,179
85080,180
85081,181
85082,182
85083,183
85084,184
85085,185
85086,186
85087,187
85088,188
85089,189
85090,190
85091,191
85092,192
85093,193
85094,194
85095,195
85096,196
85097,197
85098,198
85099,199
85100,200
85101,201
85102,202
85103,203
85104,204
85105,205
85106,206
85107,207
85108,208
85109,209
85110,210
85111,211
85112,212
85113,213
85114,214
85115,215
85116,216
85117,217
85118,218
85119,219
85120,220
85121,221
85122,222
85123,223
85124,224
85125,225
85126,226
85127,227
85128,228
85129,229
85130,230
85131,231
85132,232
85133,233
85134,234
85135,235
85136,236
85137,237
85138,238
85139,239
85140,240
85141,241
85142,242
85143,243
85144,244
85145,245
85146,246
85147,247
85148,248
85149,249
85150,250
85151,251
85152,252
85153,253
85154,254
85155,255
85156,256
85157,257
85158,258
85159,259
85160,260
85161,261
85162,262
85163,263
85164,264
85165,265
85166,266
85167,267
85168,268
85169,269
85170,270
85171,271
85172,272
85173,273
85174,274
85175,275
85176,276
85177,277
85178,278
85179,279
85180,280
85181,281
85182,282
85183,283
85184,284
85185,285
85186,286
85187,287
85188,288
85189,289
85190,290
85191,291
85192,292
85193,293
85194,294
85195,295
85196,296
85197,297
85198,298
85199,299
85200,300
85201,301
85202,302
85203,303
85204,304
85205,305
85206,306
85207,307
85208,308
85209,309
85210,310
85211,311
85212,312
85213,313
85214,314
85215,315
85216,316
85217,317
85218,318
85219,319
85220,320
85221,321
85222,322
85223,323
85224,324
85225,325
85226,326
85227,327
85228,328
85229,329
85230,330
85231,331
85232,332
85233,333
85234,334
85235,335
85236,336
85237,337
85238,338
85239,339
85240,340
85241,341
85242,342
85243,343
85244,344
85245,345
85246,346
85247,347
85248,348
85249,349
85250,350
85251,351
85252,352
85253,353
85254,354
85255,355
85256,356
85257,357
85258,358
85259,359
85260,360
85261,361
85262,362
85263,363
85264,364
85265,365
85266,366
85267,367
85268,368
85269,369
85270,370
85271,371
85272,372
85273,373
85274,374
85275,375
85276,376
85277,377
85278,378
85279,379
85280,380
85281,381
85282,382
85283,383
85284,384
85285,385
85286,386
85287,387
85288,388
85289,389
85290,390
85291,391
85292,392
85293,393
85294,394
85295,395
85296,396
85297,397
85298,398
85299,399
85300,400
85301,401
85302,402
85303,403
85304,404
85305,405
85306,406
85307,407
85308,408
85309,409
85310,410
85311,411
85312,412
85313,413
85314,414
85315,415
85316,416
85317,417
85318,418
85319,419
85320,420
85321,421
85322,422
85323,423
85324,424
85325,425
85326,426
85327,427
85328,428
85329,429
85330,430
85331,431
85332,432
85333,433
85334,434
85335,435
85336,436
85337,437
85338,438
85339,439
85340,440
85341,441
85342,442
85343,443
85344,444
85345,445
85346,446
85347,447
85348,448
85349,449
85350,450
85351,451
85352,452
85353,453
85354,454
85355,455
85356,456
85357,457
85358,458
85359,459
85360,460
85361,461
85362,462
85363,463
85364,464
85365,465
85366,466
85367,467
85368,468
85369,469
85370,470
85371,471
85372,472
85373,473
85374,474
85375,475
85376,476
85377,477
85378,478
85379,479
85380,480
85381,481
85382,482
85383,483
85384,484
85385,485
85386,486
85387,487
85388,488
85389,489
85390,490
85391,491
85392,492
85393,493
85394,494
85395,495
85396,496
85397,497
85398,498
85399,499
85400,500
85401,501
85402,502
85403,503
85404,504
85405,505
85406,506
85407,507
85408,508
85409,509
85410,510
85411,511
85412,512
85413,513
85414,514
85415,515
85416,516
85417,517
85418,518
85419,519
85420,520
85421,521
85422,522
85423,523
85424,524
85425,525
85426,526
85427,527
85428,528
85429,529
85430,530
85431,531
85432,532
85433,533
85434,534
85435,535
85436,536
85437,537
85438,538
85439,539
85440,540
85441,541
85442,542
85443,543
85444,544
85445,545
85446,546
85447,547
85448,548
85449,549
85450,550
85451,551
85452,552
85453,553
85454,554
85455,555
85456,556
85457,557
85458,558
85459,559
85460,560
85461,561
85462,562
85463,563
85464,564
85465,565
85466,566
85467,567
85468,568
85469,569
85470,570
85471,571
85472,572
85473,573
85474,574
85475,575
85476,576
85477,577
85478,578
85479,579
85480,580
85481,581
85482,582
85483,583
85484,584
85485,585
85486,586
85487,587
85488,588
85489,589
85490,590
85491,591
85492,592
85493,593
85494,594
85495,595
85496,596
85497,597
85498,598
85499,599
85500,600
85501,601
85502,602
85503,603
85504,604
85505,605
85506,606
85507,607
85508,608
85509,609
85510,610
85511,611
85512,612
85513,613
85514,614
85515,615
85516,616
85517,617
85518,618
85519,619
85520,620
85521,621
85522,622
85523,623
85524,624
85525,625
85526,626
85527,627
85528,628
85529,629
85530,630
85531,631
85532,632
85533,633
85534,634
85535,635
85536,636
85537,637
85538,638
85539,639
85540,640
85541,641
85542,642
85543,643
85544,644
85545,645
85546,646
85547,647
85548,648
85549,649
85550,650
85551,651
85552,652
85553,653
85554,654
85555,655
85556,656
85557,657
85558,658
85559,659
85560,660
85561,661
85562,662
85563,663
85564,664
85565,665
85566,666
85567,667
85568,668
85569,669
85570,670
85571,671
85572,672
85573,673
85574,674
85575,675
85576,676
85577,677
85578,678
85579,679
85580,680
85581,681
85582,682
85583,683
85584,684
85585,685
85586,686
85587,687
85588,688
85589,689
85590,690
85591,691
85592,692
85593,693
85594,694
85595,695
85596,696
85597,697
85598,698
85599,699
85600,700
85601,701
85602,702
85603,703
85604,704
85605,705
85606,706
85607,707
85608,708
85609,709
85610,710
85611,711
85612,712
85613,713
85614,714
85615,715
85616,716
85617,717
85618,718
85619,719
85620,720
85621,721
85622,722
85623,723
85624,724
85625,725
85626,726
85627,727
85628,728
85629,729
85630,730
85631,731
85632,732
85633,733
85634,734
85635,735
85636,736
85637,737
85638,738
85639,739
85640,740
85641,741
85642,742
85643,743
85644,744
85645,745
85646,746
85647,747
85648,748
85649,749
85650,750
85651,751
85652,752
85653,753
85654,754
85655,755
85656,756
85657,757
85658,758
85659,759
85660,760
85661,761
85662,762
85663,763
85664,764
85665,765
85666,766
85667,767
85668,768
85669,769
85670,770
85671,771
85672,772
85673,773
85674,774
85675,775
85676,776
85677,777
85678,778
85679,779
85680,780
85681,781
85682,782
85683,783
85684,784
85685,785
85686,786
85687,787
85688,788
85689,789
85690,790
85691,791
85692,792
85693,793
85694,794
85695,795
85696,796
85697,797
85698,798
85699,799
85700,800
85701,801
85702,802
85703,803
85704,804
85705,805
85706,806
85707,807
85708,808
85709,809
85710,810
85711,811
85712,812
85713,813
85714,814
85715,815
85716,816
85717,817
85718,818
85719,819
85720,820
85721,821
85722,822
85723,823
85724,824
85725,825
85726,826
85727,827
85728,828
85729,829
85730,830
85731,831
85732,832
85733,833
85734,834
85735,835
85736,836
85737,837
85738,838
85739,839
85740,840
85741,841
85742,842
85743,843
85744,844
85745,845
85746,846
85747,847
85748,848
85749,849
85750,850
85751,851
85752,852
85753,853
85754,854
85755,855
85756,856
85757,857
85758,858
85759,859
85760,860
85761,861
85762,862
85763,863
85764,864
85765,865
85766,866
85767,867
85768,868
85769,869
85770,870
85771,871
85772,872
85773,873
85774,874
85775,875
85776,876
85777,877
85778,878
85779,879
85780,880
85781,881
85782,882
85783,883
85784,884
85785,885
85786,886
85787,887
85788,888
85789,889
85790,890
85791,891
85792,892
85793,893
85794,894
85795,895
85796,896
85797,897
85798,898
85799,899
85800,900
85801,901
85802,902
85803,903
85804,904
85805,905
85806,906
85807,907
85808,908
85809,909
85810,910
85811,911
85812,912
85813,913
85814,914
85815,915
85816,916
85817,917
85818,918
85819,919
85820,920
85821,921
85822,922
85823,923
85824,924
85825,925
85826,926
85827,927
85828,928
85829,929
85830,930
85831,931
85832,932
85833,933
85834,934
85835,935
85836,936
85837,937
85838,938
85839,939
85840,940
85841,941
85842,942
85843,943
85844,944
85845,945
85846,946
85847,947
85848,948
85849,949
85850,950
85851,951
85852,952
85853,953
85854,954
85855,955
85856,956
85857,957
85858,958
85859,959
85860,960
85861,961
85862,962
85863,963
85864,964
85865,965
85866,966
85867,967
85868,968
85869,969
85870,970
85871,971
85872,972
85873,973
85874,974
85875,975
85876,976
85877,977
85878,978
85879,979
85880,980
85881,981
85882,982
85883,983
85884,984
85885,985
85886,986
85887,987
85888,988
85889,989
85890,990
85891,991
85892,992
85893,993
85894,994
85895,995
85896,996
85897,997
85898,998
85899,999
85900,1000
85901,1001
85902,1002
85903,1003
85904,1004
85905,1005
85906,1006
85907,1007
85908,1008
85909,1009
85910,1010
85911,1011
85912,1012
85913,1013
85914,1014
85915,1015
85916,1016
85917,1017
85918,1018
85919,1019
85920,1020
85921,1021
85922,1022
85923,1023
85924,1024
85925,1025
85926,1026
85927,1027
85928,1028
85929,1029
85930,1030
85931,1031
85932,1032
85933,1033
85934,1034
85935,1035
85936,1036
85937,1037
85938,1038
85939,1039
85940,1040
85941,1041
85942,1042
85943,1043
85944,1044
85945,1045
85946,1046
85947,1047
85948,1048
85949,1049
85950,1050
85951,1051
85952,1052
85953,1053
85954,1054
85955,1055
85956,1056
85957,1057
85958,1058
85959,1059
85960,1060
85961,1061
85962,1062
85963,1063
85964,1064
85965,1065
85966,1066
85967,1067
85968,1068
85969,1069
85970,1070
85971,1071
85972,1072
85973,1073
85974,1074
85975,1075
85976,1076
85977,1077
85978,1078
85979,1079
85980,1080
85981,1081
85982,1082
85983,1083
85984,1084
85985,1085
85986,1086
85987,1087
85988,1088
85989,1089
85990,1090
85991,1091
85992,1092
85993,1093
85994,1094
85995,1095
85996,1096
85997,1097
85998,1098
85999,1099
86000,1100
86001,1101
86002,1102
86003,1103
86004,1104
86005,1105
86006,1106
86007,1107
86008,1108
86009,1109
86010,1110
86011,1111
86012,1112
86013,1113
86014,1114
86015,1115
86016,1116
86017,1117
86018,1118
86019,1119
86020,1120
86021,1121
86022,1122
86023,1123
86024,1124
86025,1125
86026,1126
86027,1127
86028,1128
86029,1129
86030,1130
86031,1131
86032,1132
86033,1133
86034,1134
86035,1135
86036,1136
86037,1137
86038,1138
86039,1139
86040,1140
86041,1141
86042,1142
86043,1143
86044,1144
86045,1145
86046,1146
86047,1147
86048,1148
86049,1149
86050,1150
86051,1151
86052,1152
86053,1153
86054,1154
86055,1155
86056,1156
86057,1157
86058,1158
86059,1159
86060,1160
86061,1161
86062,1162
86063,1163
86064,1164
86065,1165
86066,1166
86067,1167
86068,1168
86069,1169
86070,1170
86071,1171
86072,1172
86073,1173
86074,1174
86075,1175
86076,1176
86077,1177
86078,1178
86079,1179
86080,1180
86081,1181
86082,1182
86083,1183
86084,1184
86085,1185
86086,1186
86087,1187
86088,1188
86089,1189
86090,1190
86091,1191
86092,1192
86093,1193
86094,1194
86095,1195
86096,1196
86097,1197
86098,1198
86099,1199
86100,1200
86101,1201
86102,1202
86103,1203
86104,1204
86105,1205
86106,1206
86107,1207
86108,1208
86109,1209
86110,1210
86111,1211
86112,1212
86113,1213
86114,1214
86115,1215
86116,1216
86117,1217
86118,1218
86119,1219
86120,1220
86121,1221
86122,1222
86123,1223
86124,1224
86125,1225
86126,1226
86127,1227
86128,1228
86129,1229
86130,1230
86131,1231
86132,1232
86133,1233
86134,1234
86135,1235
86136,1236
86137,1237
86138,1238
86139,1239
86140,1240
86141,1241
86142,1242
86143,1243
86144,1244
86145,1245
86146,1246
86147,1247
86148,1248
86149,1249
86150,1250
86151,1251
86152,1252
86153,1253
86154,1254
86155,1255
86156,1256
86157,1257
86158,1258
86159,1259
86160,1260
86161,1261
86162,1262
86163,1263
86164,1264
86165,1265
86166,1266
86167,1267
86168,1268
86169,1269
86170,1270
86171,1271
86172,1272
86173,1273
86174,1274
86175,1275
86176,1276
86177,1277
86178,1278
86179,1279
86180,1280
86181,1281
86182,1282
86183,1283
86184,1284
86185,1285
86186,1286
86187,1287
86188,1288
86189,1289
86190,1290
86191,1291
86192,1292
86193,1293
86194,1294
86195,1295
86196,1296
86197,1297
86198,1298
86199,1299
86200,1300
86201,1301
86202,1302
86203,1303
86204,1304
86205,1305
86206,1306
86207,1307
86208,1308
86209,1309
86210,1310
86211,1311
86212,1312
86213,1313
86214,1314
86215,1315
86216,1316
86217,1317
86218,1318
86219,1319
86220,1320
86221,1321
86222,1322
86223,1323
86224,1324
86225,1325
86226,1326
86227,1327
86228,1328
86229,1329
86230,1330
86231,1331
86232,1332
86233,1333
86234,1334
86235,1335
86236,1336
86237,1337
86238,1338
86239,1339
86240,1340
86241,1341
86242,1342
86243,1343
86244,1344
86245,1345
86246,1346
86247,1347
86248,1348
86249,1349
86250,1350
86251,1351
86252,1352
86253,1353
86254,1354
86255,1355
86256,1356
86257,1357
86258,1358
86259,1359
86260,1360
86261,1361
86262,1362
86263,1363
86264,1364
86265,1365
86266,1366
86267,1367
86268,1368
86269,1369
86270,1370
86271,1371
86272,1372
86273,1373
86274,1374
86275,1375
86276,1376
86277,1377
86278,1378
86279,1379
86280,1380
86281,1381
86282,1382
86283,1383
86284,1384
86285,1385
86286,1386
86287,1387
86288,1388
86289,1389
86290,1390
86291,1391
86292,1392
86293,1393
86294,1394
86295,1395
86296,1396
86297,1397
86298,1398
86299,1399
86300,1400
86301,1401
86302,1402
86303,1403
86304,1404
86305,1405
86306,1406
86307,1407
86308,1408
86309,1409
86310,1410
86311,1411
86312,1412
86313,1413
86314,1414
86315,1415
86316,1416
86317,1417
86318,1418
86319,1419
86320,1420
86321,1421
86322,1422
86323,1423
86324,1424
86325,1425
86326,1426
86327,1427
86328,1428
86329,1429
86330,1430
86331,1431
86332,1432
86333,1433
86334,1434
86335,1435
86336,1436
86337,1437
86338,1438
86339,1439
86340,1440
86341,1441
86342,1442
86343,1443
86344,1444
86345,1445
86346,1446
86347,1447
86348,1448
86349,1449
86350,1450
86351,1451
86352,1452
86353,1453
86354,1454
86355,1455
86356,1456
86357,1457
86358,1458
86359,1459
86360,1460
86361,1461
86362,1462
86363,1463
86364,1464
86365,1465
86366,1466
86367,1467
86368,1468
86369,1469
86370,1470
86371,1471
86372,1472
86373,1473
86374,1474
86375,1475
86376,1476
86377,1477
86378,1478
86379,1479
86380,1480
86381,1481
86382,1482
86383,1483
86384,1484
86385,1485
86386,1486
86387,1487
86388,1488
86389,1489
86390,1490
86391,1491
86392,1492
86393,1493
86394,1494
86395,1495
86396,1496
86397,1497
86398,1498
86399,1499
86400,1500
86401,1501
86402,1502
86403,1503
86404,1504
86405,1505
86406,1506
86407,1507
86408,1508
86409,1509
86410,1510
86411,1511
86412,1512
86413,1513
86414,1514
86415,1515
86416,1516
86417,1517
86418,1518
86419,1519
86420,1520
86421,1521
86422,1522
86423,1523
86424,1524
86425,1525
86426,1526
86427,1527
86428,1528
86429,1529
86430,1530
86431,1531
86432,1532
86433,1533
86434,1534
86435,1535
86436,1536
86437,1537
86438,1538
86439,1539
86440,1540
86441,1541
86442,1542
86443,1543
86444,1544
86445,1545
86446,1546
86447,1547
86448,1548
86449,1549
86450,1550
86451,1551
86452,1552
86453,1553
86454,1554
86455,1555
86456,1556
86457,1557
86458,1558
86459,1559
86460,1560
86461,1561
86462,1562
86463,1563
86464,1564
86465,1565
86466,1566
86467,1567
86468,1568
86469,1569
86470,1570
86471,1571
86472,1572
86473,1573
86474,1574
86475,1575
86476,1576
86477,1577
86478,1578
86479,1579
86480,1580
86481,1581
86482,1582
86483,1583
86484,1584
86485,1585
86486,1586
86487,1587
86488,1588
86489,1589
86490,1590
86491,1591
86492,1592
86493,1593
86494,1594
86495,1595
86496,1596
86497,1597
86498,1598
86499,1599
86500,1600
86501,1601
86502,1602
86503,1603
86504,1604
86505,1605
86506,1606
86507,1607
86508,1608
86509,1609
86510,1610
86511,1611
86512,1612
86513,1613
86514,1614
86515,1615
86516,1616
86517,1617
86518,1618
86519,1619
86520,1620
86521,1621
86522,1622
86523,1623
86524,1624
86525,1625
86526,1626
86527,1627
86528,1628
86529,1629
86530,1630
86531,1631
86532,1632
86533,1633
86534,1634
86535,1635
86536,1636
86537,1637
86538,1638
86539,1639
86540,1640
86541,1641
86542,1642
86543,1643
86544,1644
86545,1645
86546,1646
86547,1647
86548,1648
86549,1649
86550,1650
86551,1651
86552,1652
86553,1653
86554,1654
86555,1655
86556,1656
86557,1657
86558,1658
86559,1659
86560,1660
86561,1661
86562,1662
86563,1663
86564,1664
86565,1665
86566,1666
86567,1667
86568,1668
86569,1669
86570,1670
86571,1671
86572,1672
86573,1673
86574,1674
86575,1675
86576,1676
86577,1677
86578,1678
86579,1679
86580,1680
86581,1681
86582,1682
86583,1683
86584,1684
86585,1685
86586,1686
86587,1687
86588,1688
86589,1689
86590,1690
86591,1691
86592,1692
86593,1693
86594,1694
86595,1695
86596,1696
86597,1697
86598,1698
86599,1699
86600,1700
86601,1701
86602,1702
86603,1703
86604,1704
86605,1705
86606,1706
86607,1707
86608,1708
86609,1709
86610,1710
86611,1711
86612,1712
86613,1713
86614,1714
86615,1715
86616,1716
86617,1717
86618,1718
86619,1719
86620,1720
86621,1721
86622,1722
86623,1723
86624,1724
86625,1725
86626,1726
86627,1727
86628,1728
86629,1729
86630,1730
86631,1731
86632,1732
86633,1733
86634,1734
86635,1735
86636,1736
86637,1737
86638,1738
86639,1739
86640,1740
86641,1741
86642,1742
86643,1743
86644,1744
86645,1745
86646,1746
86647,1747
86648,1748
86649,1749
86650,1750
86651,1751
86652,1752
86653,1753
86654,1754
86655,1755
86656,1756
86657,1757
86658,1758
86659,1759
86660,1760
86661,1761
86662,1762
86663,1763
86664,1764
86665,1765
86666,1766
86667,1767
86668,1768
86669,1769
86670,1770
86671,1771
86672,1772
86673,1773
86674,1774
86675,1775
86676,1776
86677,1777
86678,1778
86679,1779
86680,1780
86681,1781
86682,1782
86683,1783
86684,1784
86685,1785
86686,1786
86687,1787
86688,1788
86689,1789
86690,1790
86691,1791
86692,1792
86693,1793
86694,1794
86695,1795
86696,1796
86697,1797
86698,1798
86699,1799
86700,1800
86701,1801
86702,1802
86703,1803
86704,1804
86705,1805
86706,1806
86707,1807
86708,1808
86709,1809
86710,1810
86711,1811
86712,1812
86713,1813
86714,1814
86715,1815
86716,1816
86717,1817
86718,1818
86719,1819
86720,1820
86721,1821
86722,1822
86723,1823
86724,1824
86725,1825
86726,1826
86727,1827
86728,1828
86729,1829
86730,1830
86731,1831
86732,1832
86733,1833
86734,1834
86735,1835
86736,1836
86737,1837
86738,1838
86739,1839
86740,1840
86741,1841
86742,1842
86743,1843
86744,1844
86745,1845
86746,1846
86747,1847
86748,1848
86749,1849
86750,1850
86751,1851
86752,1852
86753,1853
86754,1854
86755,1855
86756,1856
86757,1857
86758,1858
86759,1859
86760,1860
86761,1861
86762,1862
86763,1863
86764,1864
86765,1865
86766,1866
86767,1867
86768,1868
86769,1869
86770,1870
86771,1871
86772,1872
86773,1873
86774,1874
86775,1875
86776,1876
86777,1877
86778,1878
86779,1879
86780,1880
86781,1881
86782,1882
86783,1883
86784,1884
86785,1885
86786,1886
86787,1887
86788,1888
86789,1889
86790,1890
86791,1891
86792,1892
86793,1893
86794,1894
86795,1895
86796,1896
86797,1897
86798,1898
86799,1899
86800,1900
86801,1901
86802,1902
86803,1903
86804,1904
86805,1905
86806,1906
86807,1907
86808,1908
86809,1909
86810,1910
86811,1911
86812,1912
86813,1913
86814,1914
86815,1915
86816,1916
86817,1917
86818,1918
86819,1919
86820,1920
86821,1921
86822,1922
86823,1923
86824,1924
86825,1925
86826,1926
86827,1927
86828,1928
86829,1929
86830,1930
86831,1931
86832,1932
86833,1933
86834,1934
86835,1935
86836,1936
86837,1937
86838,1938
86839,1939
86840,1940
86841,1941
86842,1942
86843,1943
86844,1944
86845,1945
86846,1946
86847,1947
86848,1948
86849,1949
86850,1950
86851,1951
86852,1952
86853,1953
86854,1954
86855,1955
86856,1956
86857,1957
86858,1958
86859,1959
86860,1960
86861,1961
86862,1962
86863,1963
86864,1964
86865,1965
86866,1966
86867,1967
86868,1968
86869,1969
86870,1970
86871,1971
86872,1972
86873,1973
86874,1974
86875,1975
86876,1976
86877,1977
86878,1978
86879,1979
86880,1980
86881,1981
86882,1982
86883,1983
86884,1984
86885,1985
86886,1986
86887,1987
86888,1988
86889,1989
86890,1990
86891,1991
86892,1992
86893,1993
86894,1994
86895,1995
86896,1996
86897,1997
86898,1998
86899,1999
86900,2000
86901,2001
86902,2002
86903,2003
86904,2004
86905,2005
86906,2006
86907,2007
86908,2008
86909,2009
86910,2010
86911,2011
86912,2012
86913,2013
86914,2014
86915,2015
86916,2016
86917,2017
86918,2018
86919,2019
86920,2020
86921,2021
86922,2022
86923,2023
86924,2024
86925,2025
86926,2026
86927,2027
86928,2028
86929,2029
86930,2030
86931,2031
86932,2032
86933,2033
86934,2034
86935,2035
86936,2036
86937,2037
86938,2038
86939,2039
86940,2040
86941,2041
86942,2042
86943,2043
86944,2044
86945,2045
86946,2046
86947,2047
86948,2048
86949,2049
86950,2050
86951,2051
86952,2052
86953,2053
86954,2054
86955,2055
86956,2056
86957,2057
86958,2058
86959,2059
86960,2060
86961,2061
86962,2062
86963,2063
86964,2064
86965,2065
86966,2066
86967,2067
86968,2068
86969,2069
86970,2070
86971,2071
86972,2072
86973,2073
86974,2074
86975,2075
86976,2076
86977,2077
86978,2078
86979,2079
86980,2080
86981,2081
86982,2082
86983,2083
86984,2084
86985,2085
86986,2086
86987,2087
86988,2088
86989,2089
86990,2090
86991,2091
86992,2092
86993,2093
86994,2094
86995,2095
86996,2096
86997,2097
86998,2098
86999,2099
87000,2100
87001,2101
87002,2102
87003,2103
87004,2104
87005,2105
87006,2106
87007,2107
87008,2108
87009,2109
87010,2110
87011,2111
87012,2112
87013,2113
87014,2114
87015,2115
87016,2116
87017,2117
87018,2118
87019,2119
87020,2120
87021,2121
87022,2122
87023,2123
87024,2124
87025,2125
87026,2126
87027,2127
87028,2128
87029,2129
87030,2130
87031,2131
87032,2132
87033,2133
87034,2134
87035,2135
87036,2136
87037,2137
87038,2138
87039,2139
87040,2140
87041,2141
87042,2142
87043,2143
87044,2144
87045,2145
87046,2146
87047,2147
87048,2148
87049,2149
87050,2150
87051,2151
87052,2152
87053,2153
87054,2154
87055,2155
87056,2156
87057,2157
87058,2158
87059,2159
87060,2160
87061,2161
87062,2162
87063,2163
87064,2164
87065,2165
87066,2166
87067,2167
87068,2168
87069,2169
87070,2170
87071,2171
87072,2172
87073,2173
87074,2174
87075,2175
87076,2176
87077,2177
87078,2178
87079,2179
87080,2180
87081,2181
87082,2182
87083,2183
87084,2184
87085,2185
87086,2186
87087,2187
87088,2188
87089,2189
87090,2190
87091,2191
87092,2192
87093,2193
87094,2194
87095,2195
87096,2196
87097,2197
87098,2198
87099,2199
87100,2200
87101,2201
87102,2202
87103,2203
87104,2204
87105,2205
87106,2206
87107,2207
87108,2208
87109,2209
87110,2210
87111,2211
87112,2212
87113,2213
87114,2214
87115,2215
87116,2216
87117,2217
87118,2218
87119,2219
87120,2220
87121,2221
87122,2222
87123,2223
87124,2224
87125,2225
87126,2226
87127,2227
87128,2228
87129,2229
87130,2230
87131,2231
87132,2232
87133,2233
87134,2234
87135,2235
87136,2236
87137,2237
87138,2238
87139,2239
87140,2240
87141,2241
87142,2242
87143,2243
87144,2244
87145,2245
87146,2246
87147,2247
87148,2248
87149,2249
87150,2250
87151,2251
87152,2252
87153,2253
87154,2254
87155,2255
87156,2256
87157,2257
87158,2258
87159,2259
87160,2260
87161,2261
87162,2262
87163,2263
87164,2264
87165,2265
87166,2266
87167,2267
87168,2268
87169,2269
87170,2270
87171,2271
87172,2272
87173,2273
87174,2274
87175,2275
87176,2276
87177,2277
87178,2278
87179,2279
87180,2280
87181,2281
87182,2282
87183,2283
87184,2284
87185,2285
87186,2286
87187,2287
87188,2288
87189,2289
87190,2290
87191,2291
87192,2292
87193,2293
87194,2294
87195,2295
87196,2296
87197,2297
87198,2298
87199,2299
87200,2300
87201,2301
87202,2302
87203,2303
87204,2304
87205,2305
87206,2306
87207,2307
87208,2308
87209,2309
87210,2310
87211,2311
87212,2312
87213,2313
87214,2314
87215,2315
87216,2316
87217,2317
87218,2318
87219,2319
87220,2320
87221,2321
87222,2322
87223,2323
87224,2324
87225,2325
87226,2326
87227,2327
87228,2328
87229,2329
87230,2330
87231,2331
87232,2332
87233,2333
87234,2334
87235,2335
87236,2336
87237,2337
87238,2338
87239,2339
87240,2340
87241,2341
87242,2342
87243,2343
87244,2344
87245,2345
87246,2346
87247,2347
87248,2348
87249,2349
87250,2350
87251,2351
87252,2352
87253,2353
87254,2354
87255,2355
87256,2356
87257,2357
87258,2358
87259,2359
87260,2360
87261,2361
87262,2362
87263,2363
87264,2364
87265,2365
87266,2366
87267,2367
87268,2368
87269,2369
87270,2370
87271,2371
87272,2372
87273,2373
87274,2374
87275,2375
87276,2376
87277,2377
87278,2378
87279,2379
87280,2380
87281,2381
87282,2382
87283,2383
87284,2384
87285,2385
87286,2386
87287,2387
87288,2388
87289,2389
87290,2390
87291,2391
87292,2392
87293,2393
87294,2394
87295,2395
87296,2396
87297,2397
87298,2398
87299,2399
87300,2400
87301,2401
87302,2402
87303,2403
87304,2404
87305,2405
87306,2406
87307,2407
87308,2408
87309,2409
87310,2410
87311,2411
87312,2412
87313,2413
87314,2414
87315,2415
87316,2416
87317,2417
87318,2418
87319,2419
87320,2420
87321,2421
87322,2422
87323,2423
87324,2424
87325,2425
87326,2426
87327,2427
87328,2428
87329,2429
87330,2430
87331,2431
87332,2432
87333,2433
87334,2434
87335,2435
87336,2436
87337,2437
87338,2438
87339,2439
87340,2440
87341,2441
87342,2442
87343,2443
87344,2444
87345,2445
87346,2446
87347,2447
87348,2448
87349,2449
87350,2450
87351,2451
87352,2452
87353,2453
87354,2454
87355,2455
87356,2456
87357,2457
87358,2458
87359,2459
87360,2460
87361,2461
87362,2462
87363,2463
87364,2464
87365,2465
87366,2466
87367,2467
87368,2468
87369,2469
87370,2470
87371,2471
87372,2472
87373,2473
87374,2474
87375,2475
87376,2476
87377,2477
87378,2478
87379,2479
87380,2480
87381,2481
87382,2482
87383,2483
87384,2484
87385,2485
87386,2486
87387,2487
87388,2488
87389,2489
87390,2490
87391,2491
87392,2492
87393,2493
87394,2494
87395,2495
87396,2496
87397,2497
87398,2498
87399,2499
87400,2500
87401,2501
87402,2502
87403,2503
87404,2504
87405,2505
87406,2506
87407,2507
87408,2508
87409,2509
87410,2510
87411,2511
87412,2512
87413,2513
87414,2514
87415,2515
87416,2516
87417,2517
87418,2518
87419,2519
87420,2520
87421,2521
87422,2522
87423,2523
87424,2524
87425,2525
87426,2526
87427,2527
87428,2528
87429,2529
87430,2530
87431,2531
87432,2532
87433,2533
87434,2534
87435,2535
87436,2536
87437,2537
87438,2538
87439,2539
87440,2540
87441,2541
87442,2542
87443,2543
87444,2544
87445,2545
87446,2546
87447,2547
87448,2548
87449,2549
87450,2550
87451,2551
87452,2552
87453,2553
87454,2554
87455,2555
87456,2556
87457,2557
87458,2558
87459,2559
87460,2560
87461,2561
87462,2562
87463,2563
87464,2564
87465,2565
87466,2566
87467,2567
87468,2568
87469,2569
87470,2570
87471,2571
87472,2572
87473,2573
87474,2574
87475,2575
87476,2576
87477,2577
87478,2578
87479,2579
87480,2580
87481,2581
87482,2582
87483,2583
87484,2584
87485,2585
87486,2586
87487,2587
87488,2588
87489,2589
87490,2590
87491,2591
87492,2592
87493,2593
87494,2594
87495,2595
87496,2596
87497,2597
87498,2598
87499,2599
87500,2600
87501,2601
87502,2602
87503,2603
87504,2604
87505,2605
87506,2606
87507,2607
87508,2608
87509,2609
87510,2610
87511,2611
87512,2612
87513,2613
87514,2614
87515,2615
87516,2616
87517,2617
87518,2618
87519,2619
87520,2620
87521,2621
87522,2622
87523,2623
87524,2624
87525,2625
87526,2626
87527,2627
87528,2628
87529,2629
87530,2630
87531,2631
87532,2632
87533,2633
87534,2634
87535,2635
87536,2636
87537,2637
87538,2638
87539,2639
87540,2640
87541,2641
87542,2642
87543,2643
87544,2644
87545,2645
87546,2646
87547,2647
87548,2648
87549,2649
87550,2650
87551,2651
87552,2652
87553,2653
87554,2654
87555,2655
87556,2656
87557,2657
87558,2658
87559,2659
87560,2660
87561,2661
87562,2662
87563,2663
87564,2664
87565,2665
87566,2666
87567,2667
87568,2668
87569,2669
87570,2670
87571,2671
87572,2672
87573,2673
87574,2674
87575,2675
87576,2676
87577,2677
87578,2678
87579,2679
87580,2680
87581,2681
87582,2682
87583,2683
87584,2684
87585,2685
87586,2686
87587,2687
87588,2688
87589,2689
87590,2690
87591,2691
87592,2692
87593,2693
87594,2694
87595,2695
87596,2696
87597,2697
87598,2698
87599,2699
87600,2700
87601,2701
87602,2702
87603,2703
87604,2704
87605,2705
87606,2706
87607,2707
87608,2708
87609,2709
87610,2710
87611,2711
87612,2712
87613,2713
87614,2714
87615,2715
87616,2716
87617,2717
87618,2718
87619,2719
87620,2720
87621,2721
87622,2722
87623,2723
87624,2724
87625,2725
87626,2726
87627,2727
87628,2728
87629,2729
87630,2730
87631,2731
87632,2732
87633,2733
87634,2734
87635,2735
87636,2736
87637,2737
87638,2738
87639,2739
87640,2740
87641,2741
87642,2742
87643,2743
87644,2744
87645,2745
87646,2746
87647,2747
87648,2748
87649,2749
87650,2750
87651,2751
87652,2752
87653,2753
87654,2754
87655,2755
87656,2756
87657,2757
87658,2758
87659,2759
87660,2760
87661,2761
87662,2762
87663,2763
87664,2764
87665,2765
87666,2766
87667,2767
87668,2768
87669,2769
87670,2770
87671,2771
87672,2772
87673,2773
87674,2774
87675,2775
87676,2776
87677,2777
87678,2778
87679,2779
87680,2780
87681,2781
87682,2782
87683,2783
87684,2784
87685,2785
87686,2786
87687,2787
87688,2788
87689,2789
87690,2790
87691,2791
87692,2792
87693,2793
87694,2794
87695,2795
87696,2796
87697,2797
87698,2798
87699,2799
87700,2800
87701,2801
87702,2802
87703,2803
87704,2804
87705,2805
87706,2806
87707,2807
87708,2808
87709,2809
87710,2810
87711,2811
87712,2812
87713,2813
87714,2814
87715,2815
87716,2816
87717,2817
87718,2818
87719,2819
87720,2820
87721,2821
87722,2822
87723,2823
87724,2824
87725,2825
87726,2826
87727,2827
87728,2828
87729,2829
87730,2830
87731,2831
87732,2832
87733,2833
87734,2834
87735,2835
87736,2836
87737,2837
87738,2838
87739,2839
87740,2840
87741,2841
87742,2842
87743,2843
87744,2844
87745,2845
87746,2846
87747,2847
87748,2848
87749,2849
87750,2850
87751,2851
87752,2852
87753,2853
87754,2854
87755,2855
87756,2856
87757,2857
87758,2858
87759,2859
87760,2860
87761,2861
87762,2862
87763,2863
87764,2864
87765,2865
87766,2866
87767,2867
87768,2868
87769,2869
87770,2870
87771,2871
87772,2872
87773,2873
87774,2874
87775,2875
87776,2876
87777,2877
87778,2878
87779,2879
87780,2880
87781,2881
87782,2882
87783,2883
87784,2884
87785,2885
87786,2886
87787,2887
87788,2888
87789,2889
87790,2890
87791,2891
87792,2892
87793,2893
87794,2894
87795,2895
87796,2896
87797,2897
87798,2898
87799,2899
87800,2900
87801,2901
87802,2902
87803,2903
87804,2904
87805,2905
87806,2906
87807,2907
87808,2908
87809,2909
87810,2910
87811,2911
87812,2912
87813,2913
87814,2914
87815,2915
87816,2916
87817,2917
87818,2918
87819,2919
87820,2920
87821,2921
87822,2922
87823,2923
87824,2924
87825,2925
87826,2926
87827,2927
87828,2928
87829,2929
87830,2930
87831,2931
87832,2932
87833,2933
87834,2934
87835,2935
87836,2936
87837,2937
87838,2938
87839,2939
87840,2940
87841,2941
87842,2942
87843,2943
87844,2944
87845,2945
87846,2946
87847,2947
87848,2948
87849,2949
87850,2950
87851,2951
87852,2952
87853,2953
87854,2954
87855,2955
87856,2956
87857,2957
87858,2958
87859,2959
87860,2960
87861,2961
87862,2962
87863,2963
87864,2964
87865,2965
87866,2966
87867,2967
87868,2968
87869,2969
87870,2970
87871,2971
87872,2972
87873,2973
87874,2974
87875,2975
87876,2976
87877,2977
87878,2978
87879,2979
87880,2980
87881,2981
87882,2982
87883,2983
87884,2984
87885,2985
87886,2986
87887,2987
87888,2988
87889,2989
87890,2990
87891,2991
87892,2992
87893,2993
87894,2994
87895,2995
87896,2996
87897,2997
87898,2998
87899,2999
87900,3000
87901,3001
87902,3002
87903,3003
87904,3004
87905,3005
87906,3006
87907,3007
87908,3008
87909,3009
87910,3010
87911,3011
87912,3012
87913,3013
87914,3014
87915,3015
87916,3016
87917,3017
87918,3018
87919,3019
87920,3020
87921,3021
87922,3022
87923,3023
87924,3024
87925,3025
87926,3026
87927,3027
87928,3028
87929,3029
87930,3030
87931,3031
87932,3032
87933,3033
87934,3034
87935,3035
87936,3036
87937,3037
87938,3038
87939,3039
87940,3040
87941,3041
87942,3042
87943,3043
87944,3044
87945,3045
87946,3046
87947,3047
87948,3048
87949,3049
87950,3050
87951,3051
87952,3052
87953,3053
87954,3054
87955,3055
87956,3056
87957,3057
87958,3058
87959,3059
87960,3060
87961,3061
87962,3062
87963,3063
87964,3064
87965,3065
87966,3066
87967,3067
87968,3068
87969,3069
87970,3070
87971,3071
87972,3072
87973,3073
87974,3074
87975,3075
87976,3076
87977,3077
87978,3078
87979,3079
87980,3080
87981,3081
87982,3082
87983,3083
87984,3084
87985,3085
87986,3086
87987,3087
87988,3088
87989,3089
87990,3090
87991,3091
87992,3092
87993,3093
87994,3094
87995,3095
87996,3096
87997,3097
87998,3098
87999,3099
88000,3100
88001,3101
88002,3102
88003,3103
88004,3104
88005,3105
88006,3106
88007,3107
88008,3108
88009,3109
88010,3110
88011,3111
88012,3112
88013,3113
88014,3114
88015,3115
88016,3116
88017,3117
88018,3118
88019,3119
88020,3120
88021,3121
88022,3122
88023,3123
88024,3124
88025,3125
88026,3126
88027,3127
88028,3128
88029,3129
88030,3130
88031,3131
88032,3132
88033,3133
88034,3134
88035,3135
88036,3136
88037,3137
88038,3138
88039,3139
88040,3140
88041,3141
88042,3142
88043,3143
88044,3144
88045,3145
88046,3146
88047,3147
88048,3148
88049,3149
88050,3150
88051,3151
88052,3152
88053,3153
88054,3154
88055,3155
88056,3156
88057,3157
88058,3158
88059,3159
88060,3160
88061,3161
88062,3162
88063,3163
88064,3164
88065,3165
88066,3166
88067,3167
88068,3168
88069,3169
88070,3170
88071,3171
88072,3172
88073,3173
88074,3174
88075,3175
88076,3176
88077,3177
88078,3178
88079,3179
88080,3180
88081,3181
88082,3182
88083,3183
88084,3184
88085,3185
88086,3186
88087,3187
88088,3188
88089,3189
88090,3190
88091,3191
88092,3192
88093,3193
88094,3194
88095,3195
88096,3196
88097,3197
88098,3198
88099,3199
88100,3200
88101,3201
88102,3202
88103,3203
88104,3204
88105,3205
88106,3206
88107,3207
88108,3208
88109,3209
88110,3210
88111,3211
88112,3212
88113,3213
88114,3214
88115,3215
88116,3216
88117,3217
88118,3218
88119,3219
88120,3220
88121,3221
88122,3222
88123,3223
88124,3224
88125,3225
88126,3226
88127,3227
88128,3228
88129,3229
88130,3230
88131,3231
88132,3232
88133,3233
88134,3234
88135,3235
88136,3236
88137,3237
88138,3238
88139,3239
88140,3240
88141,3241
88142,3242
88143,3243
88144,3244
88145,3245
88146,3246
88147,3247
88148,3248
88149,3249
88150,3250
88151,3251
88152,3252
88153,3253
88154,3254
88155,3255
88156,3256
88157,3257
88158,3258
88159,3259
88160,3260
88161,3261
88162,3262
88163,3263
88164,3264
88165,3265
88166,3266
88167,3267
88168,3268
88169,3269
88170,3270
88171,3271
88172,3272
88173,3273
88174,3274
88175,3275
88176,3276
88177,3277
88178,3278
88179,3279
88180,3280
88181,3281
88182,3282
88183,3283
88184,3284
88185,3285
88186,3286
88187,3287
88188,3288
88189,3289
88190,3290
88191,3291
88192,3292
88193,3293
88194,3294
88195,3295
88196,3296
88197,3297
88198,3298
88199,3299
88200,3300
88201,3301
88202,3302
88203,3303
88204,3304
88205,3305
88206,3306
88207,3307
88208,3308
88209,3309
88210,3310
88211,3311
88212,3312
88213,3313
88214,3314
88215,3315
88216,3316
88217,3317
88218,3318
88219,3319
88220,3320
88221,3321
88222,3322
88223,3323
88224,3324
88225,3325
88226,3326
88227,3327
88228,3328
88229,3329
88230,3330
88231,3331
88232,3332
88233,3333
88234,3334
88235,3335
88236,3336
88237,3337
88238,3338
88239,3339
88240,3340
88241,3341
88242,3342
88243,3343
88244,3344
88245,3345
88246,3346
88247,3347
88248,3348
88249,3349
88250,3350
88251,3351
88252,3352
88253,3353
88254,3354
88255,3355
88256,3356
88257,3357
88258,3358
88259,3359
88260,3360
88261,3361
88262,3362
88263,3363
88264,3364
88265,3365
88266,3366
88267,3367
88268,3368
88269,3369
88270,3370
88271,3371
88272,3372
88273,3373
88274,3374
88275,3375
88276,3376
88277,3377
88278,3378
88279,3379
88280,3380
88281,3381
88282,3382
88283,3383
88284,3384
88285,3385
88286,3386
88287,3387
88288,3388
88289,3389
88290,3390
88291,3391
88292,3392
88293,3393
88294,3394
88295,3395
88296,3396
88297,3397
88298,3398
88299,3399
88300,3400
88301,3401
88302,3402
88303,3403
88304,3404
88305,3405
88306,3406
88307,3407
88308,3408
88309,3409
88310,3410
88311,3411
88312,3412
88313,3413
88314,3414
88315,3415
88316,3416
88317,3417
88318,3418
88319,3419
88320,3420
88321,3421
88322,3422
88323,3423
88324,3424
88325,3425
88326,3426
88327,3427
88328,3428
88329,3429
88330,3430
88331,3431
88332,3432
88333,3433
88334,3434
88335,3435
88336,3436
88337,3437
88338,3438
88339,3439
88340,3440
88341,3441
88342,3442
88343,3443
88344,3444
88345,3445
88346,3446
88347,3447
88348,3448
88349,3449
88350,3450
88351,3451
88352,3452
88353,3453
88354,3454
88355,3455
88356,3456
88357,3457
88358,3458
88359,3459
88360,3460
88361,3461
88362,3462
88363,3463
88364,3464
88365,3465
88366,3466
88367,3467
88368,3468
88369,3469
88370,3470
88371,3471
88372,3472
88373,3473
88374,3474
88375,3475
88376,3476
88377,3477
88378,3478
88379,3479
88380,3480
88381,3481
88382,3482
88383,3483
88384,3484
88385,3485
88386,3486
88387,3487
88388,3488
88389,3489
88390,3490
88391,3491
88392,3492
88393,3493
88394,3494
88395,3495
88396,3496
88397,3497
88398,3498
88399,3499
88400,3500
88401,3501
88402,3502
88403,3503
88404,3504
88405,3505
88406,3506
88407,3507
88408,3508
88409,3509
88410,3510
88411,3511
88412,3512
88413,3513
88414,3514
88415,3515
88416,3516
88417,3517
88418,3518
88419,3519
88420,3520
88421,3521
88422,3522
88423,3523
88424,3524
88425,3525
88426,3526
88427,3527
88428,3528
88429,3529
88430,3530
88431,3531
88432,3532
88433,3533
88434,3534
88435,3535
88436,3536
88437,3537
88438,3538
88439,3539
88440,3540
88441,3541
88442,3542
88443,3543
88444,3544
88445,3545
88446,3546
88447,3547
88448,3548
88449,3549
88450,3550
88451,3551
88452,3552
88453,3553
88454,3554
88455,3555
88456,3556
88457,3557
88458,3558
88459,3559
88460,3560
88461,3561
88462,3562
88463,3563
88464,3564
88465,3565
88466,3566
88467,3567
88468,3568
88469,3569
88470,3570
88471,3571
88472,3572
88473,3573
88474,3574
88475,3575
88476,3576
88477,3577
88478,3578
88479,3579
88480,3580
88481,3581
88482,3582
88483,3583
88484,3584
88485,3585
88486,3586
88487,3587
88488,3588
88489,3589
88490,3590
88491,3591
88492,3592
88493,3593
88494,3594
88495,3595
88496,3596
88497,3597
88498,3598
88499,3599
88500,3600
88501,3601
88502,3602
88503,3603
88504,3604
88505,3605
88506,3606
88507,3607
88508,3608
88509,3609
88510,3610
88511,3611
88512,3612
88513,3613
88514,3614
88515,3615
88516,3616
88517,3617
88518,3618
88519,3619
88520,3620
88521,3621
88522,3622
88523,3623
88524,3624
88525,3625
88526,3626
88527,3627
88528,3628
88529,3629
88530,3630
88531,3631
88532,3632
88533,3633
88534,3634
88535,3635
88536,3636
88537,3637
88538,3638
88539,3639
88540,3640
88541,3641
88542,3642
88543,3643
88544,3644
88545,3645
88546,3646
88547,3647
88548,3648
88549,3649
88550,3650
88551,3651
88552,3652
88553,3653
88554,3654
88555,3655
88556,3656
88557,3657
88558,3658
88559,3659
88560,3660
88561,3661
88562,3662
88563,3663
88564,3664
88565,3665
88566,3666
88567,3667
88568,3668
88569,3669
88570,3670
88571,3671
88572,3672
88573,3673
88574,3674
88575,3675
88576,3676
88577,3677
88578,3678
88579,3679
88580,3680
88581,3681
88582,3682
88583,3683
88584,3684
88585,3685
88586,3686
88587,3687
88588,3688
88589,3689
88590,3690
88591,3691
88592,3692
88593,3693
88594,3694
88595,3695
88596,3696
88597,3697
88598,3698
88599,3699
88600,3700
88601,3701
88602,3702
88603,3703
88604,3704
88605,3705
88606,3706
88607,3707
88608,3708
88609,3709
88610,3710
88611,3711
88612,3712
88613,3713
88614,3714
88615,3715
88616,3716
88617,3717
88618,3718
88619,3719
88620,3720
88621,3721
88622,3722
88623,3723
88624,3724
88625,3725
88626,3726
88627,3727
88628,3728
88629,3729
88630,3730
88631,3731
88632,3732
88633,3733
88634,3734
88635,3735
88636,3736
88637,3737
88638,3738
88639,3739
88640,3740
88641,3741
88642,3742
88643,3743
88644,3744
88645,3745
88646,3746
88647,3747
88648,3748
88649,3749
88650,3750
88651,3751
88652,3752
88653,3753
88654,3754
88655,3755
88656,3756
88657,3757
88658,3758
88659,3759
88660,3760
88661,3761
88662,3762
88663,3763
88664,3764
88665,3765
88666,3766
88667,3767
88668,3768
88669,3769
88670,3770
88671,3771
88672,3772
88673,3773
88674,3774
88675,3775
88676,3776
88677,3777
88678,3778
88679,3779
88680,3780
88681,3781
88682,3782
88683,3783
88684,3784
88685,3785
88686,3786
88687,3787
88688,3788
88689,3789
88690,3790
88691,3791
88692,3792
88693,3793
88694,3794
88695,3795
88696,3796
88697,3797
88698,3798
88699,3799
88700,3800
88701,3801
88702,3802
88703,3803
88704,3804
88705,3805
88706,3806
88707,3807
88708,3808
88709,3809
88710,3810
88711,3811
88712,3812
88713,3813
88714,3814
88715,3815
88716,3816
88717,3817
88718,3818
88719,3819
88720,3820
88721,3821
88722,3822
88723,3823
88724,3824
88725,3825
88726,3826
88727,3827
88728,3828
88729,3829
88730,3830
88731,3831
88732,3832
88733,3833
88734,3834
88735,3835
88736,3836
88737,3837
88738,3838
88739,3839
88740,3840
88741,3841
88742,3842
88743,3843
88744,3844
88745,3845
88746,3846
88747,3847
88748,3848
88749,3849
88750,3850
88751,3851
88752,3852
88753,3853
88754,3854
88755,3855
88756,3856
88757,3857
88758,3858
88759,3859
88760,3860
88761,3861
88762,3862
88763,3863
88764,3864
88765,3865
88766,3866
88767,3867
88768,3868
88769,3869
88770,3870
88771,3871
88772,3872
88773,3873
88774,3874
88775,3875
88776,3876
88777,3877
88778,3878
88779,3879
88780,3880
88781,3881
88782,3882
88783,3883
88784,3884
88785,3885
88786,3886
88787,3887
88788,3888
88789,3889
88790,3890
88791,3891
88792,3892
88793,3893
88794,3894
88795,3895
88796,3896
88797,3897
88798,3898
88799,3899
88800,3900
88801,3901
88802,3902
88803,3903
88804,3904
88805,3905
88806,3906
88807,3907
88808,3908
88809,3909
88810,3910
88811,3911
88812,3912
88813,3913
88814,3914
88815,3915
88816,3916
88817,3917
88818,3918
88819,3919
88820,3920
88821,3921
88822,3922
88823,3923
88824,3924
88825,3925
88826,3926
88827,3927
88828,3928
88829,3929
88830,3930
88831,3931
88832,3932
88833,3933
88834,3934
88835,3935
88836,3936
88837,3937
88838,3938
88839,3939
88840,3940
88841,3941
88842,3942
88843,3943
88844,3944
88845,3945
88846,3946
88847,3947
88848,3948
88849,3949
88850,3950
88851,3951
88852,3952
88853,3953
88854,3954
88855,3955
88856,3956
88857,3957
88858,3958
88859,3959
88860,3960
88861,3961
88862,3962
88863,3963
88864,3964
88865,3965
88866,3966
88867,3967
88868,3968
88869,3969
88870,3970
88871,3971
88872,3972
88873,3973
88874,3974
88875,3975
88876,3976
88877,3977
88878,3978
88879,3979
88880,3980
88881,3981
88882,3982
88883,3983
88884,3984
88885,3985
88886,3986
88887,3987
88888,3988
88889,3989
88890,3990
88891,3991
88892,3992
88893,3993
88894,3994
88895,3995
88896,3996
88897,3997
88898,3998
88899,3999
88900,4000
88901,4001
88902,4002
88903,4003
88904,4004
88905,4005
88906,4006
88907,4007
88908,4008
88909,4009
88910,4010
88911,4011
88912,4012
88913,4013
88914,4014
88915,4015
88916,4016
88917,4017
88918,4018
88919,4019
88920,4020
88921,4021
88922,4022
88923,4023
88924,4024
88925,4025
88926,4026
88927,4027
88928,4028
88929,4029
88930,4030
88931,4031
88932,4032
88933,4033
88934,4034
88935,4035
88936,4036
88937,4037
88938,4038
88939,4039
88940,4040
88941,4041
88942,4042
88943,4043
88944,4044
88945,4045
88946,4046
88947,4047
88948,4048
88949,4049
88950,4050
88951,4051
88952,4052
88953,4053
88954,4054
88955,4055
88956,4056
88957,4057
88958,4058
88959,4059
88960,4060
88961,4061
88962,4062
88963,4063
88964,4064
88965,4065
88966,4066
88967,4067
88968,4068
88969,4069
88970,4070
88971,4071
88972,4072
88973,4073
88974,4074
88975,4075
88976,4076
88977,4077
88978,4078
88979,4079
88980,4080
88981,4081
88982,4082
88983,4083
88984,4084
88985,4085
88986,4086
88987,4087
88988,4088
88989,4089
88990,4090
88991,4091
88992,4092
88993,4093
88994,4094
88995,4095
88996,4096
88997,4097
88998,4098
88999,4099
89000,4100
89001,4101
89002,4102
89003,4103
89004,4104
89005,4105
89006,4106
89007,4107
89008,4108
89009,4109
89010,4110
89011,4111
89012,4112
89013,4113
89014,4114
89015,4115
89016,4116
89017,4117
89018,4118
89019,4119
89020,4120
89021,4121
89022,4122
89023,4123
89024,4124
89025,4125
89026,4126
89027,4127
89028,4128
89029,4129
89030,4130
89031,4131
89032,4132
89033,4133
89034,4134
89035,4135
89036,4136
89037,4137
89038,4138
89039,4139
89040,4140
89041,4141
89042,4142
89043,4143
89044,4144
89045,4145
89046,4146
89047,4147
89048,4148
89049,4149
89050,4150
89051,4151
89052,4152
89053,4153
89054,4154
89055,4155
89056,4156
89057,4157
89058,4158
89059,4159
89060,4160
89061,4161
89062,4162
89063,4163
89064,4164
89065,4165
89066,4166
89067,4167
89068,4168
89069,4169
89070,4170
89071,4171
89072,4172
89073,4173
89074,4174
89075,4175
89076,4176
89077,4177
89078,4178
89079,4179
89080,4180
89081,4181
89082,4182
89083,4183
89084,4184
89085,4185
89086,4186
89087,4187
89088,4188
89089,4189
89090,4190
89091,4191
89092,4192
89093,4193
89094,4194
89095,4195
89096,4196
89097,4197
89098,4198
89099,4199
89100,4200
89101,4201
89102,4202
89103,4203
89104,4204
89105,4205
89106,4206
89107,4207
89108,4208
89109,4209
89110,4210
89111,4211
89112,4212
89113,4213
89114,4214
89115,4215
89116,4216
89117,4217
89118,4218
89119,4219
89120,4220
89121,4221
89122,4222
89123,4223
89124,4224
89125,4225
89126,4226
89127,4227
89128,4228
89129,4229
89130,4230
89131,4231
89132,4232
89133,4233
89134,4234
89135,4235
89136,4236
89137,4237
89138,4238
89139,4239
89140,4240
89141,4241
89142,4242
89143,4243
89144,4244
89145,4245
89146,4246
89147,4247
89148,4248
89149,4249
89150,4250
89151,4251
89152,4252
89153,4253
89154,4254
89155,4255
89156,4256
89157,4257
89158,4258
89159,4259
89160,4260
89161,4261
89162,4262
89163,4263
89164,4264
89165,4265
89166,4266
89167,4267
89168,4268
89169,4269
89170,4270
89171,4271
89172,4272
89173,4273
89174,4274
89175,4275
89176,4276
89177,4277
89178,4278
89179,4279
89180,4280
89181,4281
89182,4282
89183,4283
89184,4284
89185,4285
89186,4286
89187,4287
89188,4288
89189,4289
89190,4290
89191,4291
89192,4292
89193,4293
89194,4294
89195,4295
89196,4296
89197,4297
89198,4298
89199,4299
89200,4300
89201,4301
89202,4302
89203,4303
89204,4304
89205,4305
89206,4306
89207,4307
89208,4308
89209,4309
89210,4310
89211,4311
89212,4312
89213,4313
89214,4314
89215,4315
89216,4316
89217,4317
89218,4318
89219,4319
89220,4320
89221,4321
89222,4322
89223,4323
89224,4324
89225,4325
89226,4326
89227,4327
89228,4328
89229,4329
89230,4330
89231,4331
89232,4332
89233,4333
89234,4334
89235,4335
89236,4336
89237,4337
89238,4338
89239,4339
89240,4340
89241,4341
89242,4342
89243,4343
89244,4344
89245,4345
89246,4346
89247,4347
89248,4348
89249,4349
89250,4350
89251,4351
89252,4352
89253,4353
89254,4354
89255,4355
89256,4356
89257,4357
89258,4358
89259,4359
89260,4360
89261,4361
89262,4362
89263,4363
89264,4364
89265,4365
89266,4366
89267,4367
89268,4368
89269,4369
89270,4370
89271,4371
89272,4372
89273,4373
89274,4374
89275,4375
89276,4376
89277,4377
89278,4378
89279,4379
89280,4380
89281,4381
89282,4382
89283,4383
89284,4384
89285,4385
89286,4386
89287,4387
89288,4388
89289,4389
89290,4390
89291,4391
89292,4392
89293,4393
89294,4394
89295,4395
89296,4396
89297,4397
89298,4398
89299,4399
89300,4400
89301,4401
89302,4402
89303,4403
89304,4404
89305,4405
89306,4406
89307,4407
89308,4408
89309,4409
89310,4410
89311,4411
89312,4412
89313,4413
89314,4414
89315,4415
89316,4416
89317,4417
89318,4418
89319,4419
89320,4420
89321,4421
89322,4422
89323,4423
89324,4424
89325,4425
89326,4426
89327,4427
89328,4428
89329,4429
89330,4430
89331,4431
89332,4432
89333,4433
89334,4434
89335,4435
89336,4436
89337,4437
89338,4438
89339,4439
89340,4440
89341,4441
89342,4442
89343,4443
89344,4444
89345,4445
89346,4446
89347,4447
89348,4448
89349,4449
89350,4450
89351,4451
89352,4452
89353,4453
89354,4454
89355,4455
89356,4456
89357,4457
89358,4458
89359,4459
89360,4460
89361,4461
89362,4462
89363,4463
89364,4464
89365,4465
89366,4466
89367,4467
89368,4468
89369,4469
89370,4470
89371,4471
89372,4472
89373,4473
89374,4474
89375,4475
89376,4476
89377,4477
89378,4478
89379,4479
89380,4480
89381,4481
89382,4482
89383,4483
89384,4484
89385,4485
89386,4486
89387,4487
89388,4488
89389,4489
89390,4490
89391,4491
89392,4492
89393,4493
89394,4494
89395,4495
89396,4496
89397,4497
89398,4498
89399,4499
89400,4500
89401,4501
89402,4502
89403,4503
89404,4504
89405,4505
89406,4506
89407,4507
89408,4508
89409,4509
89410,4510
89411,4511
89412,4512
89413,4513
89414,4514
89415,4515
89416,4516
89417,4517
89418,4518
89419,4519
89420,4520
89421,4521
89422,4522
89423,4523
89424,4524
89425,4525
89426,4526
89427,4527
89428,4528
89429,4529
89430,4530
89431,4531
89432,4532
89433,4533
89434,4534
89435,4535
89436,4536
89437,4537
89438,4538
89439,4539
89440,4540
89441,4541
89442,4542
89443,4543
89444,4544
89445,4545
89446,4546
89447,4547
89448,4548
89449,4549
89450,4550
89451,4551
89452,4552
89453,4553
89454,4554
89455,4555
89456,4556
89457,4557
89458,4558
89459,4559
89460,4560
89461,4561
89462,4562
89463,4563
89464,4564
89465,4565
89466,4566
89467,4567
89468,4568
89469,4569
89470,4570
89471,4571
89472,4572
89473,4573
89474,4574
89475,4575
89476,4576
89477,4577
89478,4578
89479,4579
89480,4580
89481,4581
89482,4582
89483,4583
89484,4584
89485,4585
89486,4586
89487,4587
89488,4588
89489,4589
89490,4590
89491,4591
89492,4592
89493,4593
89494,4594
89495,4595
89496,4596
89497,4597
89498,4598
89499,4599
89500,4600
89501,4601
89502,4602
89503,4603
89504,4604
89505,4605
89506,4606
89507,4607
89508,4608
89509,4609
89510,4610
89511,4611
89512,4612
89513,4613
89514,4614
89515,4615
89516,4616
89517,4617
89518,4618
89519,4619
89520,4620
89521,4621
89522,4622
89523,4623
89524,4624
89525,4625
89526,4626
89527,4627
89528,4628
89529,4629
89530,4630
89531,4631
89532,4632
89533,4633
89534,4634
89535,4635
89536,4636
89537,4637
89538,4638
89539,4639
89540,4640
89541,4641
89542,4642
89543,4643
89544,4644
89545,4645
89546,4646
89547,4647
89548,4648
89549,4649
89550,4650
89551,4651
89552,4652
89553,4653
89554,4654
89555,4655
89556,4656
89557,4657
89558,4658
89559,4659
89560,4660
89561,4661
89562,4662
89563,4663
89564,4664
89565,4665
89566,4666
89567,4667
89568,4668
89569,4669
89570,4670
89571,4671
89572,4672
89573,4673
89574,4674
89575,4675
89576,4676
89577,4677
89578,4678
89579,4679
89580,4680
89581,4681
89582,4682
89583,4683
89584,4684
89585,4685
89586,4686
89587,4687
89588,4688
89589,4689
89590,4690
89591,4691
89592,4692
89593,4693
89594,4694
89595,4695
89596,4696
89597,4697
89598,4698
89599,4699
89600,4700
89601,4701
89602,4702
89603,4703
89604,4704
89605,4705
89606,4706
89607,4707
89608,4708
89609,4709
89610,4710
89611,4711
89612,4712
89613,4713
89614,4714
89615,4715
89616,4716
89617,4717
89618,4718
89619,4719
89620,4720
89621,4721
89622,4722
89623,4723
89624,4724
89625,4725
89626,4726
89627,4727
89628,4728
89629,4729
89630,4730
89631,4731
89632,4732
89633,4733
89634,4734
89635,4735
89636,4736
89637,4737
89638,4738
89639,4739
89640,4740
89641,4741
89642,4742
89643,4743
89644,4744
89645,4745
89646,4746
89647,4747
89648,4748
89649,4749
89650,4750
89651,4751
89652,4752
89653,4753
89654,4754
89655,4755
89656,4756
89657,4757
89658,4758
89659,4759
89660,4760
89661,4761
89662,4762
89663,4763
89664,4764
89665,4765
89666,4766
89667,4767
89668,4768
89669,4769
89670,4770
89671,4771
89672,4772
89673,4773
89674,4774
89675,4775
89676,4776
89677,4777
89678,4778
89679,4779
89680,4780
89681,4781
89682,4782
89683,4783
89684,4784
89685,4785
89686,4786
89687,4787
89688,4788
89689,4789
89690,4790
89691,4791
89692,4792
89693,4793
89694,4794
89695,4795
89696,4796
89697,4797
89698,4798
89699,4799
89700,4800
89701,4801
89702,4802
89703,4803
89704,4804
89705,4805
89706,4806
89707,4807
89708,4808
89709,4809
89710,4810
89711,4811
89712,4812
89713,4813
89714,4814
89715,4815
89716,4816
89717,4817
89718,4818
89719,4819
89720,4820
89721,4821
89722,4822
89723,4823
89724,4824
89725,4825
89726,4826
89727,4827
89728,4828
89729,4829
89730,4830
89731,4831
89732,4832
89733,4833
89734,4834
89735,4835
89736,4836
89737,4837
89738,4838
89739,4839
89740,4840
89741,4841
89742,4842
89743,4843
89744,4844
89745,4845
89746,4846
89747,4847
89748,4848
89749,4849
89750,4850
89751,4851
89752,4852
89753,4853
89754,4854
89755,4855
89756,4856
89757,4857
89758,4858
89759,4859
89760,4860
89761,4861
89762,4862
89763,4863
89764,4864
89765,4865
89766,4866
89767,4867
89768,4868
89769,4869
89770,4870
89771,4871
89772,4872
89773,4873
89774,4874
89775,4875
89776,4876
89777,4877
89778,4878
89779,4879
89780,4880
89781,4881
89782,4882
89783,4883
89784,4884
89785,4885
89786,4886
89787,4887
89788,4888
89789,4889
89790,4890
89791,4891
89792,4892
89793,4893
89794,4894
89795,4895
89796,4896
89797,4897
89798,4898
89799,4899
89800,4900
89801,4901
89802,4902
89803,4903
89804,4904
89805,4905
89806,4906
89807,4907
89808,4908
89809,4909
89810,4910
89811,4911
89812,4912
89813,4913
89814,4914
89815,4915
89816,4916
89817,4917
89818,4918
89819,4919
89820,4920
89821,4921
89822,4922
89823,4923
89824,4924
89825,4925
89826,4926
89827,4927
89828,4928
89829,4929
89830,4930
89831,4931
89832,4932
89833,4933
89834,4934
89835,4935
89836,4936
89837,4937
89838,4938
89839,4939
89840,4940
89841,4941
89842,4942
89843,4943
89844,4944
89845,4945
89846,4946
89847,4947
89848,4948
89849,4949
89850,4950
89851,4951
89852,4952
89853,4953
89854,4954
89855,4955
89856,4956
89857,4957
89858,4958
89859,4959
89860,4960
89861,4961
89862,4962
89863,4963
89864,4964
89865,4965
89866,4966
89867,4967
89868,4968
89869,4969
89870,4970
89871,4971
89872,4972
89873,4973
89874,4974
89875,4975
89876,4976
89877,4977
89878,4978
89879,4979
89880,4980
89881,4981
89882,4982
89883,4983
89884,4984
89885,4985
89886,4986
89887,4987
89888,4988
89889,4989
89890,4990
89891,4991
89892,4992
89893,4993
89894,4994
89895,4995
89896,4996
89897,4997
89898,4998
89899,4999
89900,5000
89901,5001
89902,5002
89903,5003
89904,5004
89905,5005
89906,5006
89907,5007
89908,5008
89909,5009
89910,5010
89911,5011
89912,5012
89913,5013
89914,5014
89915,5015
89916,5016
89917,5017
89918,5018
89919,5019
89920,5020
89921,5021
89922,5022
89923,5023
89924,5024
89925,5025
89926,5026
89927,5027
89928,5028
89929,5029
89930,5030
89931,5031
89932,5032
89933,5033
89934,5034
89935,5035
89936,5036
89937,5037
89938,5038
89939,5039
89940,5040
89941,5041
89942,5042
89943,5043
89944,5044
89945,5045
89946,5046
89947,5047
89948,5048
89949,5049
89950,5050
89951,5051
89952,5052
89953,5053
89954,5054
89955,5055
89956,5056
89957,5057
89958,5058
89959,5059
89960,5060
89961,5061
89962,5062
89963,5063
89964,5064
89965,5065
89966,5066
89967,5067
89968,5068
89969,5069
89970,5070
89971,5071
89972,5072
89973,5073
89974,5074
89975,5075
89976,5076
89977,5077
89978,5078
89979,5079
89980,5080
89981,5081
89982,5082
89983,5083
89984,5084
89985,5085
89986,5086
89987,5087
89988,5088
89989,5089
89990,5090
89991,5091
89992,5092
89993,5093
89994,5094
89995,5095
89996,5096
89997,5097
89998,5098
89999,5099
90000,5100
90001,5101
90002,5102
90003,5103
90004,5104
90005,5105
90006,5106
90007,5107
90008,5108
90009,5109
90010,5110
90011,100
90012,101
90013,102
90014,103
90015,104
90016,105
90017,106
90018,107
90019,108
90020,109
90021,110
90022,111
90023,112
90024,113
90025,114
90026,115
90027,116
90028,117
90029,118
90030,119
90031,120
90032,121
90033,122
90034,123
90035,124
90036,125
90037,126
90038,127
90039,128
90040,129
90041,130
90042,131
90043,132
90044,133
90045,134
90046,135
90047,136
90048,137
90049,138
90050,139
90051,140
90052,141
90053,142
90054,143
90055,144
90056,145
90057,146
90058,147
90059,148
90060,149
90061,150
90062,151
90063,152
90064,153
90065,154
90066,155
90067,156
90068,157
90069,158
90070,159
90071,160
90072,161
90073,162
90074,163
90075,164
90076,165
90077,166
90078,167
90079,168
90080,169
90081,170
90082,171
90083,172
90084,173
90085,174
90086,175
90087,176
90088,177
90089,178
90090,179
90091,180
90092,181
90093,182
90094,183
90095,184
90096,185
90097,186
90098,187
90099,188
90100,189
90101,190
90102,191
90103,192
90104,193
90105,194
90106,195
90107,196
90108,197
90109,198
90110,199
90111,200
90112,201
90113,202
90114,203
90115,204
90116,205
90117,206
90118,207
90119,208
90120,209
90121,210
90122,211
90123,212
90124,213
90125,214
90126,215
90127,216
90128,217
90129,218
90130,219
90131,220
90132,221
90133,222
90134,223
90135,224
90136,225
90137,226
90138,227
90139,228
90140,229
90141,230
90142,231
90143,232
90144,233
90145,234
90146,235
90147,236
90148,237
90149,238
90150,239
90151,240
90152,241
90153,242
90154,243
90155,244
90156,245
90157,246
90158,247
90159,248
90160,249
90161,250
90162,251
90163,252
90164,253
90165,254
90166,255
90167,256
90168,257
90169,258
90170,259
90171,260
90172,261
90173,262
90174,263
90175,264
90176,265
90177,266
90178,267
90179,268
90180,269
90181,270
90182,271
90183,272
90184,273
90185,274
90186,275
90187,276
90188,277
90189,278
90190,279
90191,280
90192,281
90193,282
90194,283
90195,284
90196,285
90197,286
90198,287
90199,288
90200,289
90201,290
90202,291
90203,292
90204,293
90205,294
90206,295
90207,296
90208,297
90209,298
90210,299
90211,300
90212,301
90213,302
90214,303
90215,304
90216,305
90217,306
90218,307
90219,308
90220,309
90221,310
90222,311
90223,312
90224,313
90225,314
90226,315
90227,316
90228,317
90229,318
90230,319
90231,320
90232,321
90233,322
90234,323
90235,324
90236,325
90237,326
90238,327
90239,328
90240,329
90241,330
90242,331
90243,332
90244,333
90245,334
90246,335
90247,336
90248,337
90249,338
90250,339
90251,340
90252,341
90253,342
90254,343
90255,344
90256,345
90257,346
90258,347
90259,348
90260,349
90261,350
90262,351
90263,352
90264,353
90265,354
90266,355
90267,356
90268,357
90269,358
90270,359
90271,360
90272,361
90273,362
90274,363
90275,364
90276,365
90277,366
90278,367
90279,368
90280,369
90281,370
90282,371
90283,372
90284,373
90285,374
90286,375
90287,376
90288,377
90289,378
90290,379
90291,380
90292,381
90293,382
90294,383
90295,384
90296,385
90297,386
90298,387
90299,388
90300,389
90301,390
90302,391
90303,392
90304,393
90305,394
90306,395
90307,396
90308,397
90309,398
90310,399
90311,400
90312,401
90313,402
90314,403
90315,404
90316,405
90317,406
90318,407
90319,408
90320,409
90321,410
90322,411
90323,412
90324,413
90325,414
90326,415
90327,416
90328,417
90329,418
90330,419
90331,420
90332,421
90333,422
90334,423
90335,424
90336,425
90337,426
90338,427
90339,428
90340,429
90341,430
90342,431
90343,432
90344,433
90345,434
90346,435
90347,436
90348,437
90349,438
90350,439
90351,440
90352,441
90353,442
90354,443
90355,444
90356,445
90357,446
90358,447
90359,448
90360,449
90361,450
90362,451
90363,452
90364,453
90365,454
90366,455
90367,456
90368,457
90369,458
90370,459
90371,460
90372,461
90373,462
90374,463
90375,464
90376,465
90377,466
90378,467
90379,468
90380,469
90381,470
90382,471
90383,472
90384,473
90385,474
90386,475
90387,476
90388,477
90389,478
90390,479
90391,480
90392,481
90393,482
90394,483
90395,484
90396,485
90397,486
90398,487
90399,488
90400,489
90401,490
90402,491
90403,492
90404,493
90405,494
90406,495
90407,496
90408,497
90409,498
90410,499
90411,500
90412,501
90413,502
90414,503
90415,504
90416,505
90417,506
90418,507
90419,508
90420,509
90421,510
90422,511
90423,512
90424,513
90425,514
90426,515
90427,516
90428,517
90429,518
90430,519
90431,520
90432,521
90433,522
90434,523
90435,524
90436,525
90437,526
90438,527
90439,528
90440,529
90441,530
90442,531
90443,532
90444,533
90445,534
90446,535
90447,536
90448,537
90449,538
90450,539
90451,540
90452,541
90453,542
90454,543
90455,544
90456,545
90457,546
90458,547
90459,548
90460,549
90461,550
90462,551
90463,552
90464,553
90465,554
90466,555
90467,556
90468,557
90469,558
90470,559
90471,560
90472,561
90473,562
90474,563
90475,564
90476,565
90477,566
90478,567
90479,568
90480,569
90481,570
90482,571
90483,572
90484,573
90485,574
90486,575
90487,576
90488,577
90489,578
90490,579
90491,580
90492,581
90493,582
90494,583
90495,584
90496,585
90497,586
90498,587
90499,588